{
    "items": [
      {"id": "A1", "name": "Apple", "price": 1.00},            
      {"id": "B1", "name": "Bread", "price": 2.50},            
      {"id": "C1", "name": "Chicken Breast", "price": 5.00},   
      {"id": "D1", "name": "Dairy Milk", "price": 3.00},       
      {"id": "E1", "name": "Eggs", "price": 2.00},             
      {"id": "F1", "name": "Fish Fillet", "price": 6.00},      
      {"id": "G1", "name": "Grapes", "price": 2.00},           
      {"id": "H1", "name": "Honey", "price": 4.00},            
      {"id": "I1", "name": "Ice Cream", "price": 3.50},        
      {"id": "J1", "name": "Juice", "price": 3.00},            
      {"id": "K1", "name": "Ketchup", "price": 1.50},          
      {"id": "L1", "name": "Lettuce", "price": 1.20},          
      {"id": "M1", "name": "Milk", "price": 2.50},             
      {"id": "N1", "name": "Nuts", "price": 4.50},             
      {"id": "O1", "name": "Orange Juice", "price": 3.00},     
      {"id": "P1", "name": "Pasta", "price": 1.80},            
      {"id": "Q1", "name": "Quinoa", "price": 3.00},           
      {"id": "R1", "name": "Rice", "price": 2.00},             
      {"id": "S1", "name": "Strawberries", "price": 2.50},     
      {"id": "T1", "name": "Tomato Sauce", "price": 1.50},     
      {"id": "U1", "name": "Udon Noodles", "price": 2.00},     
      {"id": "V1", "name": "Vegetable Oil", "price": 3.00},    
      {"id": "W1", "name": "Water", "price": 1.00},            
      {"id": "X1", "name": "Xanthan Gum", "price": 4.00},      
      {"id": "Y1", "name": "Yogurt", "price": 1.00},           
      {"id": "Z1", "name": "Zucchini", "price": 1.20}          
    ],
    "deals": {
      "deal_type_1": ["C1", "D1", "F1", "I1", "M1", "Y1"],
      "deal_type_2": [
        ["D1", "E1", "I1"],   
        ["C1", "F1", "Y1"],   
        ["A1", "G1", "S1"],   
        ["B1", "H1", "X1"],   
        ["J1", "O1", "W1"],
        ["K1", "T1", "V1"],
        ["P1", "Q1", "R1"]
      ]
    }
  }
  